CustId,"First Name	",Last Name,Age,Gender,Date of Birth,Contact Number,Email Address,Address,City,Country,Zip Code,Branch,Membership Name,Personal Training
1,Jeffrey,Voligny,38,Male,12/2/60,(116)-545-1741,s-dq@os1032fl3.com,675 Boylston Street,Boston,United States,12389,RE-Huntington,Platinum,Yes
2,Toby,Shephard,18,Male,1/2/65,(404)-343-4898,2jdwksr.44-0@fxc1e-4.com,5 Broadway Street,Chicago,United States,10282,RE- Downtown,Diamond,Yes
3,Louie,Ramella,52,Male,3/22/67,(882)-972-0388,mjncatp4h@yqq2b1ir.com,897 Bower St.,New York,United States,94105,RE- Manhattan,Gold,Yes
4,Hunter,Meehan,36,Male,9/3/68,(708)-254-3357,jx9pj_eo_09@mifzkfgy8nmn.com,222 Houston St,Chicago,United States,10005,RE- Brooklyn,Silver,No
5,Edwardo,Chayes,20,Male,9/14/71,(182)-491-8149,qul9hlf6gucfy@pdulp3.com,5 Darling St.,Boston,United States,2199,RE- Parker,Bronze,Yes
6,Clifton,Mccue,61,Male,10/2/71,(290)-766-7498,cxl3uzc0s@fl-qhg.com,895 Huntington Avenue,Boston,United States,2110,RE- Richard,Steel,No
7,Wiley,Wiske,36,Male,12/3/72,(225)-747-0361,a09cbusec5v7@jy870xow.com,64 Madison Hill,Chicago,United States,22213,RE- Montreal,Platinum,No
8,Conrad,Stine,54,Male,8/11/74,(855)-338-7130,d7ydk7k.hk9@cl9w4byv.com,75 Parker Hill,Chicago,United States,22201,RE- Royale,Diamond,Yes
9,Lazaro,Saivetz,60,Male,8/24/74,(398)-110-7896,7kp2ibe72q@8ub-47j4c.com,32 Lexinton Avenue,New York,United States,10007,RE- Liberty,Gold,No
10,Rishab,Shah,59,Male,12/15/74,(567)-462-3037,f7x3yzpik@8ctl31m7uc.com,15 Red Cross St Agripada Mumbai Maharashtra India,Mumbai,India,400008,RE- Janpath,Silver,No
11,Kieth,Nupdal,64,Male,12/12/75,(973)-676-2938,xmrph2@hkh7pbsfy.com,Tyagaraj Marg New Delhi,Delhi,India,110001,RE- Hauz Khas,Bronze,No
12,Lemuel,Stagliano,19,Male,2/26/76,(813)-657-4578,9qs--@31yevig7z.com,BR Mehta Lane New Delhi,Delhi,India,110001,RE- Juhu,Steel,Yes
13,Archana,Rao,31,Male,11/30/78,(568)-500-8368,fgp7o1bkdd4j@394ymjw.com,Blue Haven Farukh Oomerbhoy Marg  Agripada Mumbai Maharashtra,Mumbai,India,400012,RE- Phoenix,Platinum,No
14,Virgil,Kinlin,63,Male,5/30/79,(565)-113-1051,l_f9hl@27c0-j.com,Baba Kharak Singh,Delhi,India,110001,RE-Huntington,Diamond,Yes
15,Eliseo,Castelda,38,Male,6/4/79,(867)-415-8461,ya99d_z@m1veo9o-iok.com,Moti Lal Nehru Marg New Delhi,Delhi,India,110001,RE- Downtown,Gold,Yes
16,Hector,Forte,32,Male,11/30/79,(730)-255-5650,go70j@87ific3j9.com,Bhatinda new cloth market,Delhi,India,110001,RE- Manhattan,Silver,Yes
17,Jamsheed,Dastoor,42,Male,12/16/79,(270)-116-8883,0m1y06a8h.c@vkjeqx-n.com,Nirman Block New Delhi,Delhi,India,110001,RE- Brooklyn,Bronze,No
18,Dong,Renner,65,Male,12/9/80,(895)-514-2692,jecsh72ftcb731@2uzw2zym09qp.com,Gitai Co-Operative Housing Society Madhav Rao Gangan St Byculla West Agripada,Mumbai,India,400011,RE- Parker,Steel,No
19,Buster,Sacchetti,41,Male,5/2/89,(417)-234-3574,5smbxpt5ih@92j0v-xmu.com,Shram Shakti Bhavan Rafi marg,Delhi,India,110001,RE- Richard,Platinum,No
20,Sonny,Peht,23,Male,8/25/89,(659)-351-3376,kaxx.vc@oesgv5hgi1-q.com,Rail Bhawan Near Parliament House New Delhi.01,Delhi,India,110001,RE- Montreal,Diamond,Yes
21,Everette,Li,47,Male,6/4/90,(776)-668-9470,hg84gtd27a.8yx@6gyjkfq7-xch.com,Parliament House Annexe. New Delhi,Delhi,India,110001,RE- Royale,Gold,Yes
22,Wilfred,Shillue,21,Male,9/5/94,(789)-793-3600,zk-8r6y@wl1lf2.com,22 K.G. Marg New Delhi,Delhi,India,110001,RE- Liberty,Silver,Yes
23,Mehak,Chhabria,16,Male,9/17/94,(659)-947-8391,n08uwd6@2t11g3.com,Bandra West Mumbai Maharashtra,Mumbai,India,400008,RE- Janpath,Bronze,No
24,Bruno,Walsworth,59,Male,8/22/95,(786)-759-1375,7x65rjwc705gbts@c6o8o0ahz.com,Gole Market New Delhi,Delhi,India,110001,RE- Hauz Khas,Steel,No
25,Erwin,Mazziotta,54,Male,12/3/98,(993)-233-7690,q32oku_clq@l8rf4jl6348x.com,Ndcc towers jai singh road,Delhi,India,110001,RE- Juhu,Platinum,No
26,Emile,Keohan,63,Male,3/13/64,(990)-236-3277,af6j8@nfkd6xmnwpz.com,PUSHA ROAD NEW DELHI,Delhi,India,110001,RE- Phoenix,Diamond,Yes
27,Edgardo,Khong,30,Male,9/13/64,(598)-737-8706,wu8@n3giu0egf9.com,Tolstoy Marg New Delhi,Delhi,India,110001,RE-Huntington,Gold,Yes
28,Brad,Curll,60,Male,7/26/65,(908)-295-6502,4rfew@phpct4z9.com,208 Tulsi Shyam society Puna Simada road surat,Mumbai,India,395006,RE- Downtown,Silver,Yes
29,Kendrick,Famoye,49,Male,3/31/66,(581)-229-1960,zbitqazyv@w323z9cqoh.com,325 Front Street San Francisco California (CA),San Francisco,United States,94111,RE- Manhattan,Bronze,Yes
30,Sydney,Conaway,34,Male,11/4/66,(874)-979-1836,y4p2khpizd@71mnfmb37ytw.com,23 Amherst St,Montreal,Canada,M5P 2N7,RE- Brooklyn,Steel,No
31,Prince,Granger,52,Male,3/11/69,(596)-883-8486,2s0oisa9-s31@hxsxke.com,67 Beaudry,Montreal,Canada,M5P 2N7,RE- Parker,Platinum,No
32,Marty,Cheverie,43,Male,6/26/69,(209)-784-1112,jmsb@hwa-34crj-5.com,890 De Lorimier Avenue,Toronto,Canada,M5P 2N9,RE- Richard,Diamond,No
33,Darrick,Dagli,34,Male,5/13/71,(737)-809-0883,8opmdcu3w@fbzi29uhz.com,790 Guy St,Toronto,Canada,M5P 2N7,RE- Montreal,Gold,No
34,Willian,Lesser,53,Male,9/11/74,(571)-379-7422,a4w67cc69vl4@9zcb3v3n24b.com,353 Sacramento Street San Francisco California (CA),San Francisco,United States,94113,RE- Royale,Silver,Yes
35,Courtney,Prevost,64,Male,10/26/75,(877)-624-5558,au4.kwabg68i91e@q07ny9pps.com,No. 12 Sinan Road,Shanghai,China,200000,RE- Liberty,Bronze,Yes
36,Juan,Gopal,56,Male,1/20/77,(709)-803-5806,j.7iu@52l5a75bcx7.com,No. 31 Huashan Road,Shanghai,China,200000,RE- Janpath,Steel,Yes
37,Hugo,Huthsing,16,Male,2/24/77,(742)-933-5921,vq-ukm@gh1w18o07.com,No. 76 West Wuding Road,Shanghai,China,200000,RE- Hauz Khas,Platinum,No
38,Cordell,Levan,19,Male,4/4/79,(788)-133-8886,qc938@8wz9yl5.com,No. 90 Changle Road,Shanghai,China,200000,RE- Juhu,Diamond,Yes
39,Lonny,Tine,41,Male,1/15/80,(826)-244-5466,oo49zcb86zw2bux@jyalu2gqn6o.com,No. 37 Anfu Road,Shanghai,China,200000,RE- Phoenix,Gold,No
40,Scottie,Poe,63,Male,2/13/86,(928)-821-7762,h._@un1qa4r.com,450 Sansome Street San Francisco California (CA),San Francisco,United States,94211,RE-Huntington,Silver,No
41,Roman,Poznauskis,48,Male,8/23/86,(635)-677-8539,frmg_0qz-3h10z@b3bd9id84q.com,28 Beijing Lady's Street,Beiijing,China,100000,RE- Downtown,Bronze,No
42,Andy,Wilburn,26,Male,5/20/88,(510)-902-1736,sq2nb76na5j@pphfw7c.com,98 Silver Street,Beiijing,China,100000,RE- Manhattan,Steel,Yes
43,Nigel,Mardones,33,Male,1/17/89,(459)-786-5718,7ma4ve@ymukub1jo2dh.com,468 Xin Jie Kou,Beiijing,China,100000,RE- Brooklyn,Platinum,Yes
44,Marquis,Grassi,20,Male,7/16/89,(745)-971-9503,_nuo@uz-p2k.com,32 Jianguomenwai Street,Beiijing,China,100000,RE- Parker,Diamond,Yes
45,Bryant,Tukan,29,Male,9/11/90,(809)-806-8945,wones.r@bk-dajr3my.com,104 Pier 3  San Francisco California (CA),San Francisco,United States,94112,RE- Richard,Gold,Yes
46,Long,Mcmillan,38,Male,12/27/91,(716)-657-7658,yi_a5zahpkv.80@l-olqqwqt.com,345 Puerta del Sol,Madrid,Spain,28020,RE- Montreal,Silver,No
47,Rich,Fear,24,Male,11/16/94,(231)-487-0828,apb1ksmsrmj@dmqsw-sr85.com,86 Calle Carretas,Madrid,Spain,28001,RE- Royale,Bronze,No
48,Hong,Paes dealmeida,43,Male,7/27/95,(587)-429-9571,f044nlobm@3c-atlsz.com,54 Plaza del Humilladero,Madrid,Spain,28002,RE- Liberty,Steel,No
49,Tyler,Briggs,22,Male,12/3/95,(858)-454-0485,c_iwwidcf0u@qbpi43tg469.com,67 Calle del Le‰ÛÓn€÷,Madrid,Spain,28003,RE- Janpath,Platinum,Yes
50,Bradford,Volpp,32,Male,9/19/96,(211)-172-2966,_pfso5jr4ranze@o4a9jbmr6ea.com,150 California Street 600 San Francisco California (CA),San Francisco,United States,95111,RE- Hauz Khas,Diamond,Yes
51,Caryn,D'arcangelo,38,Female,1/3/60,(928)-169-5879,7-4@z8f5nsxw9oc0.com,890 Calle de la Pasa,Barcelona        ,Spain,8000,RE- Juhu,Gold,Yes
52,Liane,Dicioccio,18,Female,1/13/60,(236)-634-2993,cfucc5epj_uj@0pd8g35mwh6.com,321 Plaza de Santa Ana,Barcelona        ,Spain,8042,RE- Phoenix,Silver,No
53,Romelia,Gardner,52,Female,2/26/61,(738)-820-7512,5x84n@v5rd7t6a9d0.com,65 Segovia Street,Barcelona        ,Spain,8046,RE-Huntington,Bronze,No
54,Minda,Bugental,36,Female,3/30/63,(121)-384-6240,-8q8bh1o@46hay-xs.com,789 Toledo Street,Barcelona        ,Spain,8165,RE- Downtown,Steel,No
55,Melita,Erto,20,Female,11/13/63,(981)-394-4638,dwqgr_bs8frl@rng8ihe8v834.com,25 Broadway St. San Francisco California (CA),San Francisco,United States,94181,RE- Manhattan,Platinum,Yes
56,Syble,Feather,61,Female,5/7/64,(330)-496-9342,6w-vvae_hw-ic6n@sd57j2dr.com,15 Boni Rd,Copenhagen,Denmark,1000,RE- Brooklyn,Diamond,Yes
57,Toshiko,Noel,36,Female,7/18/69,(558)-952-0485,c4492h1kej6fn@4m91u-s8rw1m.com,County Road 15,Copenhagen,Denmark,1489,RE- Parker,Gold,Yes
58,Deane,Antoine,54,Female,9/22/70,(137)-158-2702,rnlrqcil4p.bui@6yuxasmur.com,353 Sacramento  St. Suite 1120 San Francisco California (CA),San Francisco,United States,94111,RE- Richard,Silver,No
59,Lenora,Hartel,60,Female,11/27/72,(532)-845-0948,_rgmmy41-ie.q@o25o3mvwa.com,78 Rue De La Huchette€÷,Paris,France,75017,RE- Montreal,Bronze,No
60,Cathie,Harvie,59,Female,4/17/74,(791)-609-6935,azwwf@pad6hpg.com,845 Cours Albert Thomas,Lyon        ,France,78901,RE- Royale,Steel,No
61,Katelin,Hazlitt,64,Female,8/28/75,(985)-306-0245,e_vp7@6-r29e-mdbbu.com,78 Boylston St,Boston,United States,2189,RE- Liberty,Platinum,Yes
62,Aurora,Pallini,19,Female,7/22/78,(111)-132-3647,-m3zk.1@oq3wp7v.com,33 Houston Street,New York,United States,10001,RE- Janpath,Diamond,No
63,Marissa,Schiavinotto,31,Female,8/17/78,(237)-446-6194,q6k9vhauvdvwz98@wgvjqu96.com,93 Lexington Avenue,New York,United States,10002,RE- Hauz Khas,Gold,No
64,Yuriko,Cluff,63,Female,12/11/80,(917)-227-5522,sqw@co7rhfn2mn.com,43 Randolph Street,Chicago,United States,60601,RE- Juhu,Silver,No
65,Jacalyn,Sekimoto,38,Female,4/8/82,(509)-200-3742,s6se1m@1780mr8gswy8.com,56 Ridge Boulevard,Chicago,United States,60603,RE- Phoenix,Bronze,No
66,Bok,Lino,32,Female,11/8/82,(801)-616-7675,lciti@viv0srpl9tz.com,891 Mission Hill,Boston,United States,2120,RE-Huntington,Steel,No
67,Tuyet,Dell'acqua,42,Female,6/6/85,(449)-257-8926,8hihze@of1bc93.com,74 Boulevard des Belges,Lyon,France,78960,RE- Downtown,Platinum,No
68,Tammara,Fulton,65,Female,1/21/86,(392)-317-9567,_8ivd5t@vj87hq7rz2x8.com,123 Karl Marx Allee,Berlin,Germany,10117,RE- Manhattan,Diamond,Yes
69,Heidy,Centore,41,Female,11/12/89,(470)-113-2529,bmr4nu1e91c49x7@zdp9aler.com,546 Alexanderplatz,Berlin,Germany,10115,RE- Brooklyn,Gold,Yes
70,Nikita,Butner,23,Female,2/25/90,(651)-929-0730,g0jc7@uefa7stuwp.com,765 Unter den Linden,Berlin,Germany,10119,RE- Parker,Silver,Yes
71,Goldie,Wightman,47,Female,6/2/91,(207)-333-8797,geka5@np1o1668qa.com,786 Potsdamer Platz,Berlin,Germany,10178,RE- Richard,Bronze,Yes
72,Mana,Navarro,21,Female,10/9/93,(293)-322-9446,dyjh5kck6x8j7@tp94p1g6qv.com,897 Alexanderplatz,Berlin,Germany,10179,RE- Montreal,Steel,No
73,Chantell,Rydzynski,16,Female,5/8/95,(242)-896-2553,qs4qkru923@y-493o4a.com,990 Potsdamer Platz,Berlin,Germany,10243,RE- Royale,Platinum,No
74,Min,Wolfthal,59,Female,7/19/96,(220)-910-3868,qge79@lzm7jxk1.com,345 Marienplatz,Munich,Germany,80331,RE- Liberty,Diamond,No
75,Adaline,Mentasti,54,Female,1/11/97,(605)-626-8734,a7j8u.u@s3qkgjlou2u.com,587 Odeonsplatz,Munich,Germany,80333,RE- Janpath,Gold,No
76,Nery,Herrera-acena,63,Female,8/24/74,(414)-765-7623,r.j48tpfi59@hwecfdvy7.com,878 Konigsplatz,Munich,Germany,80335,RE- Hauz Khas,Silver,Yes
77,Rosamond,Stamenovic,30,Female,12/15/74,(631)-927-8690,blk@p6--uupt5gol.com,900 Konigsplatz St,Hamburg,Germany,80333,RE- Juhu,Bronze,Yes
78,Divina,Danziger,60,Female,12/12/75,(776)-780-6071,vnq3_v5dzo@2tpzu10-v.com,64 Potsdamer Platz,Hamburg,Germany,80393,RE- Phoenix,Steel,Yes
79,Diedre,Vermeule,49,Female,2/26/76,(319)-838-9952,euoznvbzfxhta-r@v1tidk2t-li0.com,786 Akaff Avenue,Serangoon,Singapore,218190,RE-Huntington,Platinum,No
80,Elisabeth,Loeser,34,Female,11/30/78,(951)-896-9573,0j-qyw@2gxpliw5itj.com,567 Aroozoo Avenue,Serangoon,Singapore,218190,RE- Downtown,Diamond,No
81,Reta,Edley,52,Female,5/30/79,(673)-814-0244,6bnd59ddeao0-@x6mjpdq.com,989 Florence Road,Serangoon,Singapore,218190,RE- Manhattan,Gold,No
82,Raquel,Gimmelfarb,43,Female,6/4/79,(709)-744-0018,4ke@vsx5l8xmj.com,287 Brearley Avenue,Sydney,Australia,6906,RE- Brooklyn,Silver,Yes
83,Taisha,Pian,34,Female,11/30/79,(723)-424-5802,e6hj7wf4i.ds@og8qzy.com,90 Beaufort Street,Sydney,Australia,6906,RE- Parker,Bronze,Yes
84,Sherise,Picozzi,53,Female,12/16/79,(238)-314-9091,jhqctm27wq-2@if9c1c49c7o.com,234 Broun Avenue,Sydney,Australia,6906,RE- Richard,Steel,Yes
85,Marian,Dalton,64,Female,12/9/80,(796)-981-8121,l04_yvh6.@jll0e7.com,867 Broun Avenue,Sydney,Australia,6906,RE- Montreal,Platinum,No
86,Ashlie,Camus,56,Female,5/2/89,(292)-117-9796,wyit1-ws@6xnjeq.com,FLAT NO F 6 USHADAYA AURA KUNDALAHALLI,Bangalore,India,560038,RE- Royale,Diamond,No
87,Ivelisse,Cratsley,16,Female,8/25/89,(404)-559-0466,htz41s3_5a@988l-r.com,72 Brearley Avenue,Perth,Australia,6906,RE- Liberty,Gold,No
88,Maida,Cardoza,19,Female,6/4/90,(131)-642-2322,_yeve.htim-5nfk@a80rx8j.com,87 Beaufort Street,Perth,Australia,6809,RE- Janpath,Silver,No
89,Maryann,Lepage,41,Female,9/5/94,(373)-680-3649,gvgfaen.3ru@6q1nyblqor1.com,768 Broun Avenue,Perth,Australia,6000,RE- Hauz Khas,Bronze,No
90,Otilia,Swett,63,Female,9/17/94,(157)-39-6762,19.xfzrm@hvriz5hq.com,No - 33 VRINDAVAN LAY OUT KENGERI,Bangalore,India,560040,RE- Juhu,Steel,No
91,Sharell,Hazenberg,48,Female,8/22/95,(643)-792-5980,debms.ibk5s@ywhrfx.com,98 Akaff Avenue,Serangoon,Singapore,218190,RE- Phoenix,Platinum,No
92,Winifred,Soto-ramirez,26,Female,12/3/98,(934)-911-6119,swsw69x0cmwdp2f@2ge0ho2zb.com,23 Aroozoo Avenue,Serangoon,Singapore,218191,RE-Huntington,Diamond,No
93,Ellie,Kounias,33,Female,3/13/64,(680)-765-1371,uttr_.a@qu5mg2orlr8b.com,876 Florence Road,Serangoon,Singapore,218190,RE- Downtown,Gold,No
94,Lashaun,Galluccio,20,Female,9/13/64,(662)-650-1902,i3wqemdg1.1@gsefrewb99.com,2nd cross ayappa layout munnekolala marathahalli,Bangalore,India,560035,RE- Manhattan,Silver,No
95,Teri,Casarez,29,Female,7/26/65,(817)-396-6393,m1.6w@aphig4xke1.com,"24 Rue de la Paix, Paris",Paris,France,75008,RE- Brooklyn,Bronze,No
96,Jeanmarie,Gwynne,38,Female,3/31/66,(775)-569-4877,2e_hie1m@1zjx890v83f.com,678 Passage des Panoramas,Paris,France,75016,RE- Parker,Steel,Yes
97,Noelle,Shorack,24,Female,11/4/66,(157)-332-6941,nfog5zktdciiap@pec363a.com,No. 67 Ashwathnagar marathahalli,Bangalore,India,560036,RE- Richard,Platinum,Yes
98,Florida,Judge,43,Female,3/11/69,(459)-505-3932,-rj8ip5r4@858zrghvio.com,980 Rue de Presbourg,Paris,France,75116,RE- Montreal,Diamond,Yes
99,Margie,Zani,22,Female,6/26/69,(610)-380-6222,6io9.iza2l_fv@4n9v5ys.com,"78 Rue Pierre Charron, Paris",Paris,France,75007,RE- Royale,Gold,No
100,Jacelyn,Garballey,32,Female,5/13/71,(706)-232-0514,gd3o1_5siw1@wqy5dytoxy.com,23 Basawa nagar near baswa nagar bus stand,Bangalore,India,560037,RE- Liberty,Silver,No