EmpId,Branch Name,Role,First Name        ,Last Name,Age,Gender,Date of Birth,Contact Number,Email Address,Address,City,Country,Zip Code
1,RE-Huntington,Maintenance,Heidy,Day,43,Female,21/04/1979,(242)-896-2553,9hq9jc@2o-7kjtzv.com,287 Brearley Avenue,Bangalore,India,690600
2,RE-Huntington,Accountant,Margie,Jugde,41,Female,29/01/1991,(587)-429-9571,pxec@5orf-os.com,546 Alexanderplatz,Mumbai	,India,101150
3,RE-Huntington,RegularTrainer,Reta,Pian,43,Female,1/11/1996,(709)-744-0018,_-il2imurru4rs@c87t5s.com,980 Rue de Presbourg,New Delhi	,India,751160
4,RE-Huntington,Admin,Mariy,Zani,64,Female,21/03/1982,(951)-896-9573,6-kcg8e5s5od@sea7lh-k.com,867 Broun Avenue,New Delhi	,India,69060
5,RE- Royale,Maintenance,Chantell,Horton,41,Female,5/1/1984,(157)-439-6762,ss6nqechorqibh@xtadhz1c033.com,768 Broun Avenue,Toronto	,Canada,06000
6,RE- Royale,Accountant,Judy,Fulton,63,Female,8/2/1971,(373)-680-3649,vhy4ozyu6cf.e@w9yqhyw1ftz.com,878 Konigsplatz,Montreal	,Canada,80335
7,RE- Royale,RegularTrainer,Tammara,Lep,32,Male,31/10/1997,(651)-929-0730,0lup@jg8k0bh.com,150 California Street 600 San Francisco California (CA),Montreal	,Canada,95111
8,RE- Royale,Admin,Nery,Stamenovic,26,Female,30/10/1988,(796)-981-8121,l14tlzb85kohve@kbj-iecz.com,23 Aroozoo Avenue,San Fransisco,The United States,21819
9,RE- Richard,Maintenance,Divina,Casarez,16,Female,13/08/1983,(211)-172-2966,9cah7ghyq8@kcqo3uswc7.com,72 Brearley Avenue,Chicago	,The United States,06906
10,RE- Richard,Accountant,Lashaun,Galluccio,59,Female,2/1/1997,(404)-559-0466,5sc95n@cd6zm7ggb.com,345 Marienplatz,New York	,The United States,80331
11,RE- Richard,RegularTrainer,Sherise,Loeser,43,Male,1/11/1996,(662)-650-1902,jxqgdmz7zpl84uh@ks0xsb.com,54 Plaza del Humilladero,New York	,The United States,28002
12,RE- Richard,Admin,Min,Swett,63,Female,21/02/1987,(817)-396-6393,kt68-.y_boa4@phx8uufi.com,No - 33 VRINDAVAN LAY OUT KENGERI,Boston	,The United States,56004
13,RE- Phoenix,Maintenance,Adaline,Briggs,20,Female,29/01/1991,(121)-384-6240,qxxpc9b818@yy71lrwkdhv.com,2nd cross ayappa layout munnekolala marathahalli,Boston	,The United States,56003
14,RE- Phoenix,Accountant,Hong,Dalton,52,Female,24/03/1977,(292)-117-9796,ol2ns-x@ugeejo.com,989 Florence Road,Bangalore,India,218190
15,RE- Phoenix,RegularTrainer,Marian,Hazenberg,65,Female,13/07/1989,(605)-626-8734,a5mp1a@jlsx48caz.com,123 Karl Marx Allee,Mumbai	,India,101170
16,RE- Phoenix,Admin,Raquel,Picozzi,24,Female,19/07/1995,(716)-657-7658,fam.-mrqr0yms@70nfv2t.com,No. 67 Ashwathnagar marathahalli,New Delhi	,India,560036
17,RE- Parker,Maintenance,Elisabeth,Centore,56,Female,9/6/1983,(220)-910-3868,ed7t@nmj568zqwh.com,FLAT NO F 6 USHADAYA AURA KUNDALAHALLI,New Delhi	,India,560038
18,RE- Parker,Accountant,Liane,Garballey,16,Female,1/11/1996,(404)-559-0466,jat8f1_ew@rav63solrl.com,990 Potsdamer Platz,Toronto	,Canada,10243
19,RE- Parker,RegularTrainer,Sharell,Mcmillan,24,Male,19/07/1995,(673)-814-0244,3shojnt.4oad@fx7lmzwu.com,86 Calle Carretas,Montreal	,Canada,28001
20,RE- Parker,Admin,Melani,Vermeule,41,Female,5/1/1984,(858)-454-0485,2bh9sn-j1_kb@h1hpw1.com,768 Broun Avenue,Montreal	,Canada,06000
21,RE- Montreal,Maintenance,Diedre,Cardoza,19,Female,22/12/1983,(207)-333-8797,25jpi8x5qs7r1zy@6kb1vdgz.com,87 Beaufort Street,San Fransisco,The United States,06809
22,RE- Montreal,Accountant,Lash,Gall,54,Female,31/10/1997,(392)-317-9567,grygbs-v8kafts@90t4277.com,587 Odeonsplatz,Chicago	,The United States,80333
23,RE- Montreal,RegularTrainer,Taisha,Lepage,22,Male,2/1/1997,(662)-650-1902,0esx2bw8kgkrk@vddjso.com,67 Calle del Le—nĘ,New York	,The United States,28003
24,RE- Montreal,Admin,Minda,Sweeney,48,Female,29/11/1987,(796)-981-8121,l3dsf2h9c@rn7ml70k.com,98 Akaff Avenue,New York	,The United States,21819
25,RE- Manhattan,Maintenance,Florida,Cratsley,53,Female,19/06/1980,(236)-634-2993,21ae19p-qct@aeojs2r.com,234 Broun Avenue,Boston	,The United States,06906
26,RE- Manhattan,Accountant,Maida,Gimmelfarb,47,Female,29/12/1992,(459)-505-3932,tfkyica1jad3@h22ogd-kp5.com,786 Potsdamer Platz,Boston	,The United States,10178
27,RE- Manhattan,RegularTrainer,Romelia,Navarro,32,Female,31/10/1997,(680)-765-1371,rn4k8ywir@i26x3ff.com,23 Basawa nagar near baswa nagar bus stand,Bangalore,India,560037
28,RE- Manhattan,Admin,Maryann,Wightman,16,Female,13/08/1983,(934)-911-6119,3hv@70bylfgpfb.com,72 Brearley Avenue,Mumbai	,India,690600
29,RE- Liberty,Maintenance,Caryn,Camus,63,Female,21/02/1987,(157)-439-6762,_u32ahtoyy@q5-8ih0p6rq0.com,No - 33 VRINDAVAN LAY OUT KENGERI,New Delhi	,India,560040
30,RE- Liberty,Accountant,Jeanmarie,Fear,30,Female,2/10/1971,(373)-680-3649,qvikl4r0u6w@fmohrnlc.com,900 Konigsplatz St,New Delhi	,India,803330
31,RE- Liberty,RegularTrainer,Teri,Kounias,38,Female,8/2/1971,(643)-792-5980,65w@nx6u8k5so.com,890 Calle de la Pasa,Toronto	,Canada,08000
32,RE- Liberty,Admin,Nikita,Soto-ramirez,33,Female,13/07/1989,(776)-780-6071,b67ad4nor@d6237wug-21d.com,876 Florence Road,Montreal	,Canada,21819
33,RE- Juhu,Maintenance,Ash,Bugental,33,Female,13/07/1989,(131)-642-2322,sly5566_abzx0@awvkur5p4h3u.com,876 Florence Road,Montreal	,Canada,21819
34,RE- Juhu,Accountant,Ivelisse,Danziger,34,Female,30/07/1976,(292)-117-9796,1_gjkdjtvdlfks-@8acx6f8f7kyo.com,567 Aroozoo Avenue,San Fransisco,The United States,21819
35,RE- Juhu,RegularTrainer,Winifred,Herrera-acena,36,Female,6/5/1976,(610)-380-6222,dbkqs8zi@kpmw8mh.com,789 Toledo Street,Chicago	,The United States,8165
36,RE- Juhu,Admin,Otilia,Rydzynski,38,Female,29/12/1992,(723)-424-5802,vjy0k@xnnlmqbem3-a.com,678 Passage des Panoramas,New York	,The United States,75016
37,RE- Janpath,Maintenance,Bradford,Camp,48,Female,29/11/1987,(157)-332-6941,13druzlshbh@hizv6l.com,98 Akaff Avenue,New York	,The United States,21819
38,RE- Janpath,Accountant,Jacelyn,Edley,60,Female,4/12/1974,(319)-838-9952,usyeh5@x7q0kagul9ai.com,64 Potsdamer Platz,Boston	,The United States,80393
39,RE- Janpath,RegularTrainer,Tyler,James,18,Female,2/10/1971,(643)-792-5980,9l8fhg1wq8s27u@88bzzwcmqwj.com,321 Plaza de Santa Ana,Boston	,The United States,08042
40,RE- Janpath,Admin,Noelle,Soto,20,Female,29/01/1991,(775)-569-4877,nb.@rdz0c13817y.com,2nd cross ayappa layout munnekolala marathahalli,Bangalore,India,560035
41,RE- Hauz Khas,Maintenance,Ashlie,Butner,26,Female,30/10/1988,(131)-642-2322,m-9@t7lon2mb7b.com,23 Aroozoo Avenue,Mumbai	,India,218191
42,RE- Hauz Khas,Accountant,Ivy,Dicioccio,49,Female,6/5/1976,(293)-322-9446,6wgg6zve@25djl2ostbn.com,786 Akaff Avenue,New Delhi	,India,218190
43,RE- Hauz Khas,RegularTrainer,Win,Hazenberg,52,Female,4/12/1974,(631)-927-8690,4emtaxnf6t7o@8z7wsoso.com,65 Segovia Street,New Delhi	,India,804600
44,RE- Hauz Khas,Admin,Olivia,Shorack,29,Female,27/04/1991,(738)-820-7512,egd@69-rrfq.com,"24 Rue de la Paix, Paris",Toronto	,Canada,75008
45,RE- Downtown,Maintenance,Goldie,D'arcangelo,34,Female,19/12/1979,(238)-314-9091,9kpnh.0peb@yskgor.com,90 Beaufort Street,Montreal	,Canada,06906
46,RE- Downtown,Accountant,Mana,Gwynne,23,Female,27/04/1991,(470)-113-2529,ahqnw@em6p6ri2ui.com,765 Unter den Linden,Montreal	,Canada,10119
47,RE- Downtown,RegularTrainer,Rich,Paes dealmeida,22,Female,2/1/1997,(706)-232-0514,o7ztppalt.j2k-@9wrncaft.com,"78 Rue Pierre Charron, Paris",San Fransisco,The United States,75007
48,RE- Downtown,Admin,Mary,Wolfthal,56,Female,9/6/1983,(934)-911-6119,q6_@rme6cqz.com,FLAT NO F 6 USHADAYA AURA KUNDALAHALLI,Chicago	,The United States,56003
49,RE- Brooklyn,Maintenance,Ellie,Crate,64,Female,21/03/1982,(231)-487-0828,8x2te_1tr@l3f-4jyzxw.com,867 Broun Avenue,New York	,The United States,69060
50,RE- Brooklyn,Accountant,Long,Gardner,21,Female,19/07/1995,(414)-765-7623,m0b9g5vz-6kf@7k5ek86.com,897 Alexanderplatz,New York	,The United States,10179
51,RE- Brooklyn,RegularTrainer,Rosamond,Mentasti,38,Male,29/12/1992,(680)-765-1371,8bn5y6g26lik@tyxk9s8s.com,345 Puerta del Sol,Boston	,The United States,28020
52,RE- Brooklyn,Admin,Mazai,Volpp,19,Female,22/12/1983,(928)-169-5879,bbnjrgh0tm4w@2qvqg3ab.com,87 Beaufort Street,Boston	,The United States,06809
53,RE-Huntington,MasterTrainer,Chelsea,Durante,24,Female,8/8/1990,(617)-2347890,chesl13gxkz@yahoo.com,5 Parker Hill,Boston	,The United States,02120
54,RE- Downtown,MasterTrainer,Jackson,Chan,26,Male,4/3/1989,(817)-9890789,jacksonchan@gmail.com,678 Peterborough St,Boston	,The United States,02121
55,RE-Huntington,SuperAdmin,Milin,Mathew,32,Male,10/10/1984,(910)-1456789,milinmathew@gmail.com,789 Queensberry St,Boston	,The United States,02122