Branch,Username,Password,Employee Email,Customer Email,Role,MessageIds
RE-Huntington,cust001,pass123,~,s-dq@os1032fl3.com,Customer,
RE- Downtown,cust002,pass124,~,2jdwksr.44-0@fxc1e-4.com,Customer,
RE- Manhattan,cust003,pass125,~,mjncatp4h@yqq2b1ir.com,Customer,
RE- Brooklyn,cust004,pass126,~,jx9pj_eo_09@mifzkfgy8nmn.com,Customer,
RE- Parker,cust005,pass127,~,qul9hlf6gucfy@pdulp3.com,Customer,
RE- Richard,cust006,pass128,~,cxl3uzc0s@fl-qhg.com,Customer,
RE- Montreal,cust007,pass129,~,a09cbusec5v7@jy870xow.com,Customer,
RE- Royale,cust008,pass130,~,d7ydk7k.hk9@cl9w4byv.com,Customer,
RE- Liberty,cust009,pass131,~,7kp2ibe72q@8ub-47j4c.com,Customer,
RE- Janpath,cust010,pass132,~,f7x3yzpik@8ctl31m7uc.com,Customer,
RE- Hauz Khas,cust011,pass133,~,xmrph2@hkh7pbsfy.com,Customer,
RE- Juhu,cust012,pass134,~,9qs--@31yevig7z.com,Customer,
RE- Phoenix,cust013,pass135,~,fgp7o1bkdd4j@394ymjw.com,Customer,
RE-Huntington,cust014,pass136,~,l_f9hl@27c0-j.com,Customer,
RE- Downtown,cust015,pass137,~,ya99d_z@m1veo9o-iok.com,Customer,
RE- Manhattan,cust016,pass138,~,go70j@87ific3j9.com,Customer,
RE- Brooklyn,cust017,pass139,~,0m1y06a8h.c@vkjeqx-n.com,Customer,
RE- Parker,cust018,pass140,~,jecsh72ftcb731@2uzw2zym09qp.com,Customer,
RE- Richard,cust019,pass141,~,5smbxpt5ih@92j0v-xmu.com,Customer,
RE- Montreal,cust020,pass142,~,kaxx.vc@oesgv5hgi1-q.com,Customer,
RE- Royale,cust021,pass143,~,hg84gtd27a.8yx@6gyjkfq7-xch.com,Customer,
RE- Liberty,cust022,pass144,~,zk-8r6y@wl1lf2.com,Customer,
RE- Janpath,cust023,pass145,~,n08uwd6@2t11g3.com,Customer,
RE- Hauz Khas,cust024,pass146,~,7x65rjwc705gbts@c6o8o0ahz.com,Customer,
RE- Juhu,cust025,pass147,~,q32oku_clq@l8rf4jl6348x.com,Customer,
RE- Phoenix,cust026,pass148,~,af6j8@nfkd6xmnwpz.com,Customer,
RE-Huntington,cust027,pass149,~,wu8@n3giu0egf9.com,Customer,
RE- Downtown,cust028,pass150,~,4rfew@phpct4z9.com,Customer,
RE- Manhattan,cust029,pass151,~,zbitqazyv@w323z9cqoh.com,Customer,
RE- Brooklyn,cust030,pass152,~,y4p2khpizd@71mnfmb37ytw.com,Customer,
RE- Parker,cust031,pass153,~,2s0oisa9-s31@hxsxke.com,Customer,
RE- Richard,cust032,pass154,~,jmsb@hwa-34crj-5.com,Customer,
RE- Montreal,cust033,pass155,~,8opmdcu3w@fbzi29uhz.com,Customer,
RE- Royale,cust034,pass156,~,a4w67cc69vl4@9zcb3v3n24b.com,Customer,
RE- Liberty,cust035,pass157,~,au4.kwabg68i91e@q07ny9pps.com,Customer,
RE- Janpath,cust036,pass158,~,j.7iu@52l5a75bcx7.com,Customer,
RE- Hauz Khas,cust037,pass159,~,vq-ukm@gh1w18o07.com,Customer,
RE- Juhu,cust038,pass160,~,qc938@8wz9yl5.com,Customer,
RE- Phoenix,cust039,pass161,~,oo49zcb86zw2bux@jyalu2gqn6o.com,Customer,
RE-Huntington,cust040,pass162,~,h._@un1qa4r.com,Customer,
RE- Downtown,cust041,pass163,~,frmg_0qz-3h10z@b3bd9id84q.com,Customer,
RE- Manhattan,cust042,pass164,~,sq2nb76na5j@pphfw7c.com,Customer,
RE- Brooklyn,cust043,pass165,~,7ma4ve@ymukub1jo2dh.com,Customer,
RE- Parker,cust044,pass166,~,_nuo@uz-p2k.com,Customer,
RE- Richard,cust045,pass167,~,wones.r@bk-dajr3my.com,Customer,
RE- Montreal,cust046,pass168,~,yi_a5zahpkv.80@l-olqqwqt.com,Customer,
RE- Royale,cust047,pass169,~,apb1ksmsrmj@dmqsw-sr85.com,Customer,
RE- Liberty,cust048,pass170,~,f044nlobm@3c-atlsz.com,Customer,
RE- Janpath,cust049,pass171,~,c_iwwidcf0u@qbpi43tg469.com,Customer,
RE- Hauz Khas,cust050,pass172,~,_pfso5jr4ranze@o4a9jbmr6ea.com,Customer,
RE- Juhu,cust051,pass173,~,7-4@z8f5nsxw9oc0.com,Customer,
RE- Phoenix,cust052,pass174,~,cfucc5epj_uj@0pd8g35mwh6.com,Customer,
RE-Huntington,cust053,pass175,~,5x84n@v5rd7t6a9d0.com,Customer,
RE- Downtown,cust054,pass176,~,-8q8bh1o@46hay-xs.com,Customer,
RE- Manhattan,cust055,pass177,~,dwqgr_bs8frl@rng8ihe8v834.com,Customer,
RE- Brooklyn,cust056,pass178,~,6w-vvae_hw-ic6n@sd57j2dr.com,Customer,
RE- Parker,cust057,pass179,~,c4492h1kej6fn@4m91u-s8rw1m.com,Customer,
RE- Richard,cust058,pass180,~,rnlrqcil4p.bui@6yuxasmur.com,Customer,
RE- Montreal,cust059,pass181,~,_rgmmy41-ie.q@o25o3mvwa.com,Customer,
RE- Royale,cust060,pass182,~,azwwf@pad6hpg.com,Customer,
RE- Liberty,cust061,pass183,~,e_vp7@6-r29e-mdbbu.com,Customer,
RE- Janpath,cust062,pass184,~,-m3zk.1@oq3wp7v.com,Customer,
RE- Hauz Khas,cust063,pass185,~,q6k9vhauvdvwz98@wgvjqu96.com,Customer,
RE- Juhu,cust064,pass186,~,sqw@co7rhfn2mn.com,Customer,
RE- Phoenix,cust065,pass187,~,s6se1m@1780mr8gswy8.com,Customer,
RE-Huntington,cust066,pass188,~,lciti@viv0srpl9tz.com,Customer,
RE- Downtown,cust067,pass189,~,8hihze@of1bc93.com,Customer,
RE- Manhattan,cust068,pass190,~,_8ivd5t@vj87hq7rz2x8.com,Customer,
RE- Brooklyn,cust069,pass191,~,bmr4nu1e91c49x7@zdp9aler.com,Customer,
RE- Parker,cust070,pass192,~,g0jc7@uefa7stuwp.com,Customer,
RE- Richard,cust071,pass193,~,geka5@np1o1668qa.com,Customer,
RE- Montreal,cust072,pass194,~,dyjh5kck6x8j7@tp94p1g6qv.com,Customer,
RE- Royale,cust073,pass195,~,qs4qkru923@y-493o4a.com,Customer,
RE- Liberty,cust074,pass196,~,qge79@lzm7jxk1.com,Customer,
RE- Janpath,cust075,pass197,~,a7j8u.u@s3qkgjlou2u.com,Customer,
RE- Hauz Khas,cust076,pass198,~,r.j48tpfi59@hwecfdvy7.com,Customer,
RE- Juhu,cust077,pass199,~,blk@p6--uupt5gol.com,Customer,
RE- Phoenix,cust078,pass200,~,vnq3_v5dzo@2tpzu10-v.com,Customer,
RE-Huntington,cust079,pass201,~,euoznvbzfxhta-r@v1tidk2t-li0.com,Customer,
RE- Downtown,cust080,pass202,~,0j-qyw@2gxpliw5itj.com,Customer,
RE- Manhattan,cust081,pass203,~,6bnd59ddeao0-@x6mjpdq.com,Customer,
RE- Brooklyn,cust082,pass204,~,4ke@vsx5l8xmj.com,Customer,
RE- Parker,cust083,pass205,~,e6hj7wf4i.ds@og8qzy.com,Customer,
RE- Richard,cust084,pass206,~,jhqctm27wq-2@if9c1c49c7o.com,Customer,
RE- Montreal,cust085,pass207,~,l04_yvh6.@jll0e7.com,Customer,
RE- Royale,cust086,pass208,~,wyit1-ws@6xnjeq.com,Customer,
RE- Liberty,cust087,pass209,~,htz41s3_5a@988l-r.com,Customer,
RE- Janpath,cust088,pass210,~,_yeve.htim-5nfk@a80rx8j.com,Customer,
RE- Hauz Khas,cust089,pass211,~,gvgfaen.3ru@6q1nyblqor1.com,Customer,
RE- Juhu,cust090,pass212,~,19.xfzrm@hvriz5hq.com,Customer,
RE- Phoenix,cust091,pass213,~,debms.ibk5s@ywhrfx.com,Customer,
RE-Huntington,cust092,pass214,~,swsw69x0cmwdp2f@2ge0ho2zb.com,Customer,
RE- Downtown,cust093,pass215,~,uttr_.a@qu5mg2orlr8b.com,Customer,
RE- Manhattan,cust094,pass216,~,i3wqemdg1.1@gsefrewb99.com,Customer,
RE- Brooklyn,cust095,pass217,~,m1.6w@aphig4xke1.com,Customer,
RE- Parker,cust096,pass218,~,2e_hie1m@1zjx890v83f.com,Customer,
RE- Richard,cust097,pass219,~,nfog5zktdciiap@pec363a.com,Customer,
RE- Montreal,cust098,pass220,~,-rj8ip5r4@858zrghvio.com,Customer,
RE- Royale,cust099,pass221,~,6io9.iza2l_fv@4n9v5ys.com,Customer,
RE- Liberty,cust100,pass222,~,gd3o1_5siw1@wqy5dytoxy.com,Customer,
RE-Huntington,emp001,pass223,bbnjrgh0tm4w@2qvqg3ab.com,~,Admin,
RE-Huntington,emp002,pass224,8bn5y6g26lik@tyxk9s8s.com,~,RegularTrainer,
RE-Huntington,emp003,pass225,m0b9g5vz-6kf@7k5ek86.com,~,Accountant,
RE-Huntington,emp004,pass226,8x2te_1tr@l3f-4jyzxw.com,~,Maintenance,
RE- Royale,emp005,pass227,q6_@rme6cqz.com,~,Admin,
RE- Royale,emp006,pass228,o7ztppalt.j2k-@9wrncaft.com,~,RegularTrainer,
RE- Royale,emp007,pass229,ahqnw@em6p6ri2ui.com,~,Accountant,
RE- Royale,emp008,pass230,9kpnh.0peb@yskgor.com,~,Maintenance,
RE- Richard,emp009,pass231,egd@69-rrfq.com,~,Admin,
RE- Richard,emp010,pass232,4emtaxnf6t7o@8z7wsoso.com,~,RegularTrainer,
RE- Richard,emp011,pass233,6wgg6zve@25djl2ostbn.com,~,Accountant,
RE- Richard,emp012,pass234,m-9@t7lon2mb7b.com,~,Maintenance,
RE- Phoenix,emp013,pass235,nb.@rdz0c13817y.com,~,Admin,
RE- Phoenix,emp014,pass236,9l8fhg1wq8s27u@88bzzwcmqwj.com,~,RegularTrainer,
RE- Phoenix,emp015,pass237,usyeh5@x7q0kagul9ai.com,~,Accountant,
RE- Phoenix,emp016,pass238,13druzlshbh@hizv6l.com,~,Maintenance,
RE- Parker,emp017,pass239,vjy0k@xnnlmqbem3-a.com,~,Admin,
RE- Parker,emp018,pass240,dbkqs8zi@kpmw8mh.com,~,RegularTrainer,
RE- Parker,emp019,pass241,1_gjkdjtvdlfks-@8acx6f8f7kyo.com,~,Accountant,
RE- Parker,emp020,pass242,sly5566_abzx0@awvkur5p4h3u.com,~,Maintenance,
RE- Montreal,emp021,pass243,b67ad4nor@d6237wug-21d.com,~,Admin,
RE- Montreal,emp022,pass244,65w@nx6u8k5so.com,~,RegularTrainer,
RE- Montreal,emp023,pass245,qvikl4r0u6w@fmohrnlc.com,~,Accountant,
RE- Montreal,emp024,pass246,_u32ahtoyy@q5-8ih0p6rq0.com,~,Maintenance,
RE- Manhattan,emp025,pass247,3hv@70bylfgpfb.com,~,Admin,
RE- Manhattan,emp026,pass248,rn4k8ywir@i26x3ff.com,~,RegularTrainer,
RE- Manhattan,emp027,pass249,tfkyica1jad3@h22ogd-kp5.com,~,Accountant,
RE- Manhattan,emp028,pass250,21ae19p-qct@aeojs2r.com,~,Maintenance,
RE- Liberty,emp029,pass251,l3dsf2h9c@rn7ml70k.com,~,Admin,
RE- Liberty,emp030,pass252,0esx2bw8kgkrk@vddjso.com,~,RegularTrainer,
RE- Liberty,emp031,pass253,grygbs-v8kafts@90t4277.com,~,Accountant,
RE- Liberty,emp032,pass254,25jpi8x5qs7r1zy@6kb1vdgz.com,~,Maintenance,
RE- Juhu,emp033,pass255,2bh9sn-j1_kb@h1hpw1.com,~,Admin,
RE- Juhu,emp034,pass256,3shojnt.4oad@fx7lmzwu.com,~,RegularTrainer,
RE- Juhu,emp035,pass257,jat8f1_ew@rav63solrl.com,~,Accountant,
RE- Juhu,emp036,pass258,ed7t@nmj568zqwh.com,~,Maintenance,
RE- Janpath,emp037,pass259,fam.-mrqr0yms@70nfv2t.com,~,Admin,
RE- Janpath,emp038,pass260,a5mp1a@jlsx48caz.com,~,RegularTrainer,
RE- Janpath,emp039,pass261,ol2ns-x@ugeejo.com,~,Accountant,
RE- Janpath,emp040,pass262,qxxpc9b818@yy71lrwkdhv.com,~,Maintenance,
RE- Hauz Khas,emp041,pass263,kt68-.y_boa4@phx8uufi.com,~,Admin,
RE- Hauz Khas,emp042,pass264,jxqgdmz7zpl84uh@ks0xsb.com,~,RegularTrainer,
RE- Hauz Khas,emp043,pass265,5sc95n@cd6zm7ggb.com,~,Accountant,
RE- Hauz Khas,emp044,pass266,9cah7ghyq8@kcqo3uswc7.com,~,Maintenance,
RE- Downtown,emp045,pass267,l14tlzb85kohve@kbj-iecz.com,~,Admin,
RE- Downtown,emp046,pass268,0lup@jg8k0bh.com,~,RegularTrainer,
RE- Downtown,emp047,pass269,vhy4ozyu6cf.e@w9yqhyw1ftz.com,~,Accountant,
RE- Downtown,emp048,pass270,ss6nqechorqibh@xtadhz1c033.com,~,Maintenance,
RE- Brooklyn,emp049,pass271,6-kcg8e5s5od@sea7lh-k.com,~,Admin,
RE- Brooklyn,emp050,pass272,_-il2imurru4rs@c87t5s.com,~,RegularTrainer,
RE- Brooklyn,emp051,pass273,pxec@5orf-os.com,~,Accountant,
RE- Brooklyn,emp052,pass274,9hq9jc@2o-7kjtzv.com,~,Maintenance,
RE-Huntington,emp053,pass275,chesl13gxkz@yahoo.com,~,MasterTrainer,
RE- Downtown,emp054,pass276,jacksonchan@gmail.com,~,MasterTrainer,
RE-Huntington,emp055,pass277,milinmathew@gmail.com,~,SuperAdmin,